restaurant_name,name,rating,review
Bakso Pak Wardi Pusat Telogorejo,Yesaya Natanael,5.0,"One of the best bakso in town, crunchy, meaty"
Bakso Pak Wardi Pusat Telogorejo,summerain,5.0,"The best bakso in town! Located at Ahmad Dahlan street, left side before IGD tlogorejo hospital. The space is not spacious and very hot at the afternoon. Try to combined bakso and tahu, taste da bomb! dont forget to add sambal and acar for the best taste. They open at 12pm-5pm."
Bakso Pak Wardi Pusat Telogorejo,Lilies Indayati,4.0,"Delicious food but substandard place. As long as you don't mind with the place, it has good food."
Bakso Pak Wardi Pusat Telogorejo,Dharmanadi S,4.0,Good and tasty meatball with reasonable price IDR 17.500 but the cleaniless of the place must be improved
Bakso Pak Wardi Pusat Telogorejo,Primazahra Agya Zaenal Mutaqin,5.0,Love the taste so much! And have a fast service
Bakso Pak Wardi Pusat Telogorejo,Wahyu Priyansah,4.0,"comfort, but the taste is different"
Bakso Pak Wardi Pusat Telogorejo,Martha Kurniawati,5.0,So tasty üòç and affordable. Cash only
Bakso Pak Wardi Pusat Telogorejo,Fifi Noveria,4.0,"Delicious beef meatballs, moderate price."
Bakso Pak Wardi Pusat Telogorejo,Monita Sari,4.0,it's very delicious
Bakso Pak Wardi Pusat Telogorejo,Cantik Orchid,4.0,Yummy
Bakso Pak Wardi Pusat Telogorejo,wisnu chandra,5.0,Good
Bakso Pak Wardi Pusat Telogorejo,Jojo Kurniawan,5.0,Nice
Bakso Pak Wardi Pusat Telogorejo,Abhay Khan,4.0,Good meatball
Bakso Pak Wardi Pusat Telogorejo,dhanisya kirey,5.0,Fav for eating
Bakso Pak Wardi Pusat Telogorejo,heru whn,5.0,Wuenax rec
Bakso Pak Wardi Pusat Telogorejo,Eliza Beth,5.0,RECOMMENDED üëçüëçüëçüëçüëç
Bakso Pak Wardi Pusat Telogorejo,Arief Said,4.0,"(Translated by Google) The meatballs are delicious and chewy, the sauce is still clear and light, even though it's mixed with offal in the pot. Maybe it will be different if it comes at night, the gravy can be thicker and thicker. You can choose meatballs plus offal or plain. There are no drops / balungan. The white noodles use vermicelli, while the yellow ones use egg noodles. There's tofu pong as an addition and free pickled cucumber if it's still available... The place is a roadside tent which if it's full, it can get crowded and even queue up, even though there are two additional tables outside the tent... (Original) Baksonya enak dan kenyal, kuahnya tetep bening dan ringan, meski dicampur jeroan di dandangnya. Mungkin akan berbeda jika datangnya malam, kuah bisa lebih kental dan eneg. Bisa pilih bakso plus jeroan atau polos. Tidak ada tetelan /balungan. Mienya yang putih pake soun, sedang yang kuning mie telor. Ada tahu pong sebagai tambahan dan free acar timun jika masih ada... Tempatnya tenda pinggir jalan yang jika penuh, bisa sesak bahkan ngantri, meski ada dua meja tambahan di luar tenda..."
Bakso Pak Wardi Pusat Telogorejo,Regina FY,5.0,"(Translated by Google) Try this Baso at night, the location is next to the transmart near the intersection. Ask the father, it is open from 12.30 to 21.00, the price of the Baso is IDR 19,000 per serving. How does it feel? Yummy The bass is bouncy, supple, solid, not soft when you bite it. The gravy is hot too. The sambal is spicy Then earlier, we were making dinner so we beat the rice too. The rice is delicious too, fluffier, clean white. There are ready to swallow/offal too, just because it was finished, it's not there anymore. You can choose vermicelli or yellow noodles too. On the table there is a choice of fried tofu as well as snacks to eat with the baso. Overall it's delicious, if you go to Semarang again, this will be on the list of Must-Try Foods (Original) Nyobain Baso ini pas kulineran malem, lokasi di samping transmart deket simpang lima itu. Nanya si bapak nya buka dari jam 12.30 sampai jam 21.00, Harga Baso nya IDR 19,000 per porsi. Rasa nya gimana ? Enakkk Baso nya mantul, kenyel, padet, gak gembos gt digigit. Kuah nya juga panas. Sambel nya pedessss Trus tadi kita-kita kan buat makan malem jadi hajar nasi juga. Nasi nya enak juga, pulen, putih bersih. Ada sedia tetelan/jeroan juga, cuma krn tadi penghabisan, uda gak ada. Bisa pilih bihun atau mie kuning juga. Di meja ada pilihan tahu goreng juga buat cemal cemil makan sama si baso. Overall enak, klo ke Semarang lagi, ini bakal masuk list Makanan Wajib Coba"
Bakso Pak Wardi Pusat Telogorejo,tsatsabillah firdauss,5.0,(Translated by Google) The meatballs are delicious but I don't like the white noodles but it's good The price of 20k ordinary meatballs (Original) Baksonya enak tp kurang suka sama mie putihnya tp good si Harga 20k bakso biasa
Bakso Pak Wardi Pusat Telogorejo,Christanty K,3.0,"(Translated by Google) Order meatballs mixed offal with mixed noodles. For the taste of the meatballs, it's good, the elasticity is just right. The innards don't stink either. Only the sauce because of the innards so it feels heavy. After the taste after eating meatballs, the mouth feels fatty. The price is 20 thousand plus iced tea. The dining area is five times so there is not too much seating. (Original) Pesan bakso campur jerohan dengan mie campur. Untuk rasa baksonya enak, kekenyalannya pas. Jerohannya juga tidak bau. Hanya kuahnya karena kena jerohan jadi terasa berat. After taste abis makan bakso mulut terasa berlemak. Harga 20 ribu plus es teh tawar. Tempat makannya berupa kali lima sehingga tempat duduk tidak terlalu banyak."
Bakso Pak Wardi Pusat Telogorejo,Irma F. Ardi K.,4.0,"(Translated by Google) For meatball lovers complete with offal, you must stop by here. The price is still safe in the pocket, under twenty thousand rupiah. Incidentally I ordered not to use offal, afraid of being dizzy after eating: v I'm curious, but I've never asked whether Pak Wardi's Bakso is the same as Mawardi's Bakso or it's different. (Original) Bagi penikmat bakso lengkap dengan jeroan, wajib mampir kemari. Harga masih aman di kantong, di bawah dua puluh ribu rupiah. Kebetulan saya pesan tidak pakai jeroan, takut pusing kelar makan :v Saya penasaran, tapi belum pernah bertanya perihal Bakso Pak Wardi ini sama dengan Bakso Mawardi atau beda wkwkwk"
Bakso Pak Wardi Pusat Telogorejo,Rinno Wardana,4.0,"(Translated by Google) It's delicious, but it's less textured in my opinion, so there's less of a challenge. There are no dumplings, there are no drops. Try if there is a direct 5 star. (Original) Enak sih tapi kurang bertekstur menurut saya jadi kurang ada tantangannya. Pangsit nga ada, tetelannya nga ada. Coba kalau ada langsung bintang 5."
Bakso Pak Wardi Pusat Telogorejo,Ami Savitri,4.0,(Translated by Google) One of the most popular meatballs in Semarang. It is located before the IG Tegalrejo near Alfamart. Open 1 o'clock and immediately order a lot. I was chasing after 1 o'clock because it said the innards of iso like to run out in the afternoon. It's really great. It's just a shame there is no vinegar ü§≠ (Original) Salah satu bakso yang sepertinya paling populer di Semarang. Letaknya sebelum IGD Tegalrejo dekat Alfamart. Buka jam 1 dan langsung banyak yang pesan. Aku sih ngejar makan jam 1 karena katanya jeroan iso suka kehabisan kalau sore. Memang mantap sih. Cuma sayang ngga ada cuka ü§≠
Bakso Pak Wardi Pusat Telogorejo,Rifka Ichwani,4.0,"(Translated by Google) The meatballs are delicious, if you come here at noon it's still complete with the innards. The innards are also clean, there is no salary. Excellent (Original) Baksonya enak, kalo ke sini mending siang siang masih komplit dengan jeroannya. Jeroannya juga bersih tidak ada gajihnya. Mantap"
Bakso Pak Wardi Pusat Telogorejo,Ismunandar channel,5.0,"(Translated by Google) Thick Broth Meatballs, there is Jerohan, White Noodles, Yellow Noodles, delicious typical Semarang near Tlogorejo Hospital location before Transmart (Original) Bakso Kaldu Kental, ada Jerohan, Mie Putih, Mie Kuning, enak khas semarang dekat RS Tlogorejo lokasi sblm Transmart"
Bakso Pak Wardi Pusat Telogorejo,bagus prihatin,4.0,"(Translated by Google) Meatballs with gravy sauce, savory and satisfied, the innards are sliced ‚Äã‚Äãand iso can request and abundant, just a narrow place ... (Original) Bakso dengan kuah butek, gurih dan puas, tetelan jeroannya ada babat dan iso bisa request dan melimpah, cuman tempat nya aja yang sempit..."
Bakso Pak Wardi Pusat Telogorejo,Drajad Drajad,3.0,"(Translated by Google) This meatball is the center of Pak Wardi Semarang's meatballs. There are 4 other branches Tembalang, PRPP, Bangetayu n Sampangan. The hallmark of this meatball is jerohan iso n tripe. (Original) Bakso ini pusat dari bakso pak wardi semarang . Ada 4 cabang lainya Tembalang ,PRPP,Bangetayu n Sampangan . Ciri khas bakso ini adalah jerohan iso n babat."
Bakso Pak Wardi Pusat Telogorejo,Cucuk Puji Purwaningsih,4.0,"(Translated by Google) Meatballs are recommended for the Semarang area, but at 2pm the place is full, line up first (Original) Bakso rekomendasi utk daerah Semarang,Tp pas jam2 ttt tempat penuh,antre dulu"
Bakso Pak Wardi Pusat Telogorejo,BUTYA MEGA,5.0,"(Translated by Google) The pen is back again, it's good pollll!!! (Original) Pen balik lagi enak pollll re!!!"
Bakso Pak Wardi Pusat Telogorejo,Fareet M,5.0,"(Translated by Google) 17,000 meatballs rice 3,500 3,000 iced tea 1,000 crackers (Original) bakso 17.000 nasi 3.500 es teh 3.000 kerupuk 1.000"
Bakso Pak Wardi Pusat Telogorejo,Ratih Jati,4.0,(Translated by Google) 18/06/2018. Delicious üëç Street meatballs are full of buyers. Not meatballs with tetelan but with tripe and beef intestine. White rice is available. Price 17rb/portion. (Original) 18/06/2018. Enak üëç Bakso kaki lima ramai pembeli. Bukan bakso dengan tetelan tapi dengan babat dan usus sapi. Tersedia nasi putih. Harga 17rb/porsi.
Bakso Pak Wardi Pusat Telogorejo,Hermawan Purnomo,5.0,"(Translated by Google) The most delicious meatballs in Semarang, subscriptions have been more than 10 years, the center is only a roadside tent stall, but the branches are actually in the shop ... legend, delicious, the choice can use tripe, iso, or beef (Original) Bakso paling enak di semarang, langganan sudah lebih dari 10 tahun, yg pusat hanya berupa warung tenda pinggir jalan , tapi cabangnya justru di ruko... legend, enak, pilihan bisa pake babat, iso, atau daging sapi"
Bakso Pak Wardi Pusat Telogorejo,Christian Handojo,5.0,(Translated by Google) The meatballs are delicious and the location is quite strategic (Original) Bakso nya enak dan lokasi nya cukup strategis
Bakso Pak Wardi Pusat Telogorejo,Lala Chan4,5.0,"(Translated by Google) Just tried it, like the taste of the broth, the meatballs are soft and dimix with the viscera added solid. Recommended (Original) Baru cobain, suka dengan rasa kuahnya, baso nya enak empuk dimix sama jeroan tambah mantap. Recomended"
Bakso Pak Wardi Pusat Telogorejo,B b,1.0,"(Translated by Google) I ordered via an online motorcycle taxi application, I've never been to the place directly. Regarding taste, it's taste, but for me personally, it's not really kicking (Original) Saya pesan lewat aplikasi ojek online, belum pernah ke tempatnya langsung. Terkait rasa memang selera, tapi buat saya pribadi rasa kurang nendang banget"
Bakso Pak Wardi Pusat Telogorejo,dewi agustian,5.0,"(Translated by Google) A proportion of 18 thousand When I bought it, the innards had run out It feels good (Original) Seporsinya 18rb Pas beli kesini jeroan nya udah habis Rasanya enak"
Bakso Pak Wardi Pusat Telogorejo,akbar anugrah,5.0,(Translated by Google) Street meatball stall. Five star taste.. (Original) Warung bakso kaki lima. Rasa bintang lima..
Bakso Pak Wardi Pusat Telogorejo,BinTang BiRu,5.0,"(Translated by Google) Favorid meatballs in Semarang, employees and owners are friendly "" (Original) Bakso favorid di semarang,karyawan dan pemilinya ramah"""
Bakso Pak Wardi Pusat Telogorejo,Vanda Meitasari,3.0,"(Translated by Google) The meatballs are delicious, the price is 18 thousand a portion now. Here the uncomfortable place is narrow and hot if you eat here during the day (Original) Baksonya enak harga 18rb seporsi sekarang. Di sini yang ndak nyaman tempatnya sempit dan panas kalau siang2 makan di sini"
Bakso Pak Wardi Pusat Telogorejo,Yulia Sani Indriati,5.0,"(Translated by Google) It's great, now the price has increased to 19 thousand, unfortunately the place is not spacious enough to come on Sundays it's very busy (Original) Enaak, sekarang harga sudah naik jadi 19rb, sayangnya tempatnya kurang luaas datang pas hari minggu rame sekali"
Bakso Pak Wardi Pusat Telogorejo,Gita Samodra,2.0,"(Translated by Google) Meatballs taste ordinary, the place is very dirty, tissues are scattered below, even though there are a lot of employees, when it's quiet, why don't they clean the bottom, employees are also dirty. (Original) Bakso rasanya biasa, tempat kotor sekali, tisu bertebaran dibawah,padahal karyawan banyak, kalo pas sepi kok gak dibersihin bawahnya, karyawan jg pada jorok."
Bakso Pak Wardi Pusat Telogorejo,hai sept!,5.0,"(Translated by Google) The first time I tried it, I thought I would use the other bakso, it turned out to be really delicious and the sauce was fresh, even though the side of the road was just tepid, wuuu (Original) Pertama kali cobaa , aku kira bakal biasaa kek bakso2 lainnya , ternyata enak banget dan segerr kuahnyaa , walaupun pinggir jalan tp tep aja ramee wuuu"
Bakso Pak Wardi Pusat Telogorejo,Handrini Ardiyanti,5.0,"(Translated by Google) It's great!! Always stop by here when in Semarang. If you want to get iso tripe, don't go past 1 pm or a maximum of 2 pm. Worried about running out of iso tripe. The fried tofu is okay too. The meatballs are delicious, my son no. 3 who doesn't like meatballs also likes it. Not far from Tlogorejo Hospital Transmart (Original) Uenaak banget!! Selalu mampir sini kalau di Semarang. Jika mau kebagian iso babat jangan lewat jam 1 siang atau maksimal jam 2 siang. Khawatirnya kehabisan iso babatnya. Tahu gorengnya oke juga. Baksonya enak, anak saya no.3 yang ga doyan bakso juga doyan. Ga jauh dari transmart RS Tlogorejo"
Bakso Pak Wardi Pusat Telogorejo,Putri Santoso,4.0,"(Translated by Google) Bakso Pak Wardi opens at 1 pm, the location is next to the lottery electronics shop. You can choose complete with innards or tetelan, or if you don't like the two, you can also empty it. The price is 18rb. For friends eating meatballs here there are fried tofu, and various kinds of crackers. The gravy is fresh, the meatballs are soft and quite a lot, It's really a fresh choice during the day to night (Original) Bakso pak wardi buka jam 1 siang , Lokasinya di sebelah toko elektronik seroja. Bisa pilih komplit dengan jeroan maupun tetelan, atau kalo ga suka kedua nya kosong an juga bisa. Harga nya 18rb. Buat teman makan bakso di sini ada tahu goreng, dan berbagai macam kerupuk. Kuah nya segar, bakso nya empuk dan cukup banyak, Boleh banget jadi pilihan yang segar di siang hari sampe malam"
Bakso Pak Wardi Pusat Telogorejo,a. anugrahni,4.0,"(Translated by Google) The meatball subscription tastes good with a fresh gravy. Most like to request using tetelan + tofu. The standard portion price is not too expensive. If you come here at peak hours, you have to be patient in line to get a seat. But how come the masons there are helping to find an empty seat. Service is fast and ok. (Original) Bakso langganan rasanya enak dengan kuah yang segar. Paling suka request pakai tetelan + tahu. Harga seporsinya standar nggak terlalu mahal. Kalau ke sini pas jam ramai, harus sabar antre dapat tempat duduk. Tapi dibantu kok sama mas-mas di sana untuk cari kursi kosong. Pelayanan cepat dan ok."
Bakso Pak Wardi Pusat Telogorejo,fransiska29,4.0,"(Translated by Google) champion!! the place is just not comfortable, especially if it's hot during the day queuing (Original) juara!! tempatnya aja krg nyaman apalagi kalo siang2 panas ngantri"
Bakso Pak Wardi Pusat Telogorejo,andre santoso,4.0,"(Translated by Google) One of the most famous beef meatballs in Semarang. The location is on the side of the seroja road before the Telogorejo Hospital. The meatballs here are delicious, the meat tastes good and the gravy is solid. There are also offal and meat options. The service is fast, the cleanliness of the street stalls is standard, the price is quite affordable. (Original) Salah satu bakso sapi yang cukup terkenal di Semarang. Lokasinya ada di pinggir jalan seroja sebelum RS Telogorejo. Baksonya disini enak, dagingnya terasa dan kuahnya mantap. Ada juga pilihan jerohan dan daging. Pelayanannya cepat, kebersihan standard warung kaki lima, harganya cukup terjangkau."
Bakso Pak Wardi Pusat Telogorejo,Ilham restu Kartiko,5.0,"(Translated by Google) Highly recommended because of the delicious taste of the meatballs and offal, right to eat when it rains (Original) Sangat recommended dikarenakan rasa baso dan daging jeroannya yang lezat, pas disantap saat hujan"
Bakso Pak Wardi Pusat Telogorejo,Hana Novita,5.0,"(Translated by Google) The taste is good, the meatball gravy is thick but it doesn't make you feel nauseous. The stuffing of the innards is not stingy (Original) Rasa enak, kuah baksonya kental tapi tidak bikin eneg. Isian jeroan nya tidak pelit"
Bakso Pak Wardi Pusat Telogorejo,Dee Dee,5.0,"(Translated by Google) Savory & chewy beef meatballs that fit perfectly plus delicious tripe, if you like to use rice, it's also available. Open from 13.00 to 21.00 (but if it runs out then you can close immediately) (Original) Bakso sapi yg gurih & kenyal yg pas mantap ditambah babat yg maknyus, kalau yg suka pakai nasi juga tersedia. Buka mulai jam 13.00 s.d 21.00 (tapi kalau sudah habis maka bisa segera tutup)"
Bakso Muncul Pak Mul,Eric Jr,5.0,Full of jeroan... great tasteParking: Parkir mobilnya sempit
Bakso Muncul Pak Mul,Alfred's Guide,4.0,Those meat balls are one of the best meat balls I ever taste...
Bakso Muncul Pak Mul,Danur W P,2.0,Nothing special.
Bakso Muncul Pak Mul,suwandi sutanto,4.0,Very cheap n tasty too...
Bakso Muncul Pak Mul,Mayliana Terutama,5.0,Love meat balls... üòöüòèü§§
Bakso Muncul Pak Mul,Suwandi Sutanto,5.0,Very cheap and not bad taste
Bakso Muncul Pak Mul,TjanTek Gientono,5.0,Great taste.
Bakso Muncul Pak Mul,Vita Riangsari,5.0,Delicious & cheap price üòç
Bakso Muncul Pak Mul,Fanny Lee,5.0,Nice food
Bakso Muncul Pak Mul,Wahyu Priyansah,5.0,"Cheap, delicious.. üòç"
Bakso Muncul Pak Mul,Dewi Micasa,4.0,cheap yo
Bakso Muncul Pak Mul,Yosafat tanjung,5.0,Good place good price
Bakso Muncul Pak Mul,Dziel Shinigami Linkin Parkz,5.0,Love it
Bakso Muncul Pak Mul,vania chandra,5.0,Yummy tummyüòä
Bakso Muncul Pak Mul,Anggraeni NS,5.0,Ok
Bakso Muncul Pak Mul,Yanuar Isnugroho,5.0,Excelent food
Bakso Muncul Pak Mul,Simon Peter,5.0,Uenaaaak poll
Bakso Muncul Pak Mul,Yesaya Natanael,4.0,"Good bakso, good broth"
Bakso Muncul Pak Mul,Prasetyo Alvianto,5.0,It's really woth it. You get a bowl of fried dim sun by default. The bakso itself is pretty goodFood: 5/5 | Service: 5/5 | Atmosphere: 4/5 ‚Ä¶More
Bakso Muncul Pak Mul,Arum Ryan,5.0,"(Translated by Google) For those who also like to eat meatballs, this is one of the meatballs that I recommend for you. My real favorite is the dumplings and 1 bowl is not enough. This location is in an alleyway and the place is not that big but it's always busy. 1 portion of meatballs gets 5 small fine meatballs and 1 meatball that is filled with veins and then there are pieces of tripe/offal . Inframes: Meatballs + free dumplings 13k . The beef meatballs are really good and very chewy, the meat tastes really good. The broth is light, the broth tastes great. The veined meatballs aren't the typical grenyel, but the stuffing just melts in your mouth! Don't forget to dip the gravy with the dumplings. It's really really crunchy, it's not just the dumplings, the dumplings also have stuffing, so it's more textured, these dumplings remind me of the dumplings at Bakso Patience waiting behind Gramedia. Krn delicious, tasty, not hard and crunchy. What a fav! (Original) Sebagai yg gemar juga makan bakso, ini salah 1 bakso yg rekomen juga buat kalian. Asli favorit bgt pangsitnya dan gak cukup 1 mangkok. Ini lokasinya masuk gang gt dan tempatnya ga begitu luas tpselalu rame. 1 porsi bakso dpt 5 bakso halus kecil dan 1 bakso sedang isi urat gitu trus ada potongan babat/jeroan . In frame: üç¥Bakso + free pangsit üí∏ 13k . üìå Baksonya bakso sapi yg bener2 alus trus kenyal bgt, berasa bgt dagingnya. Kuahnya light, berasa bgt kaldunya. Kalo bakso uratnya bukan tipikal yg grenyel tp isian uratnya langsung melt di mulut! Kuahnya sih jgn lupa dicocol pake pangsitnya. Bener2 kranciii bgt, ga cuma kranci doang, pangsitnya juga ada isiannya gt lo jd makin bertekstur, ini pangsit ngingetin aku sama pangsit di Bakso Sabar menanti belakang Gramedia. Krn enak, gurih, gak keras dan renyah. Emang fav bgt!"
Bakso Muncul Pak Mul,Gracio Putera,5.0,"(Translated by Google) It tastes good & fresh, plus the chili sauce makes it jos haha. At 2 o'clock it was so crowded that you were queuing outside, great! One portion contains 5 small pentols, 1 large pentol contains minced meat + 1 bowl of dumplings. Price (18/09/2022): IDR 14,000 (Original) Rasanya enak & seger ditambah sambel jadi jos haha. Jam 2 beli rame banget sampai antri-antri diluar, hebat! Satu porsi isi pentol kecil 5, pentol besar 1 ada isi daging cacah + 1 mangkok pangsit. Harga (18/09/2022): Rp14.000 Parking: Motor: 2.000 Mobil: 3.000"
Bakso Muncul Pak Mul,Jane Wirawan,5.0,"(Translated by Google) The meatballs are delicious, the tripe and intestines are also delicious. every time I eat here it's always crowded but the wait is 15-20 minutes max. The place is not big, maybe if it's really full it can only fit 20 people. But normally at most 16 organs. The parking lot is a bit difficult if you bring a car, because it is parked on the side of the road. And around there are several places to eat too, so it's hard to get parking. (Original) Baksonya enak, babat sama ususnya juga enak. setiap makan di sini selalu ramai tapi nunggunya paling 15-20 menit maksimal. Tempatnya ngga besar, mungkin kalau full banget bisa muat 20 org aja. Tapi normalnya paling 16 organ. Tempat parkir yang agak susah kalau bawa mobil, karena parkir di pinggir jalan. Dan di sekitar ada beberapa tempat makan juga, jadi susah dapet parkirnya."
Bakso Muncul Pak Mul,ardy wazza,5.0,"(Translated by Google) The meatballs are soft, iso, tripe, lots of offal. The meatball sauce is very thick. The best thing is that the dumplings are full bowls. Just a suggestion for the seller, add more fans, because at lunch time it feels really hot. (Original) Baksonya empuk, iso, babat, jeroan banyak. Kuah baksonya kental terasa banget. Paling mantap pangsitnya semangkok penuh. Saran saja buat penjual, tambah lagi dong kipas anginnya.soalnya klu pas jam makan siang panasnya terasa banget. Kid-friendliness: Anak suka sama baksonya empuk."
Bakso Muncul Pak Mul,Wilda Nailufar,5.0,"(Translated by Google) The meatballs are soft and not too chewy. The gravy is broth but oily. The dumplings are crispy but not hard. The meat and offal are tender. The place is always busy so you have to be patient in queuing. The price is cheap, a portion of meatballs cm 14 thousand (Original) Baksonya enak empuk tdk terlalu kenyal. Kuahnya kaldu tp berminyak. Pangsitnya krispy tp ga keras. Daging dan jeroannya empuk. Tmpt selalu rame jd harus bersabar antri. Harganya murah bakso seporsi cm 14rb"
Bakso Muncul Pak Mul,Arini Shela M,5.0,"(Translated by Google) A portion of meatballs (optional with offal or not) plus a free bowl of fried dumplings... The taste of the meatballs here is fresh, the gravy is light, it's not that heavy... it's just delicious. And pickles are also provided while supplies last. The place is in the alley, there is a large parking area, a large place to eat. Yes, sometimes you have to queue for a seat first.. (Original) Seporsi bakso (optional pake jeroan atau gak) ditambah semangkuk pangsit goreng gratissss... Rasa bakso disini seger, ringan kuahnya, gak berat klentrek2 gitu...enak pokoknya. Dan disediain acar juga selama persediaan masih ada ya. Tempatnya masuk gang gitu, tempat parkir luas, tempat makan luasss. Ya kadang harus ngantri tempat duduk dulu.."
Bakso Muncul Pak Mul,Anna S,5.0,"(Translated by Google) Fresh tetelan meatballs for 14 thousand servings, free 1 bowl of dumplings, tent stalls, you have to be patient when eating here because it's always busy & when you're done, it's better to go immediately so you can change to someone else (Original) Bakso tetelan seger seporsi 14rb, gratis pangsit 1 mangkok, warung tenda, harus sabar kalo makan disini karna slalu rame & kalo udh kelar baiknya lgsg pergi biar bisa gantian sm yg lain"
Bakso Muncul Pak Mul,Kholila Ashlikhatii,5.0,(Translated by Google) The price for one bowl of 14k (June 2022) already gets one bowl of dumplings. Cheap!!! Edit: if you want to add dumplings add 5 thousand / bowl (Original) Harga satu mangkok 14k (Juni 2022) sudah dapat pangsit satu mangkok. Murah meriah!!! Edit: kalau mau nambah pangsit nambah 5rb/mangkok
Bakso Muncul Pak Mul,Vida Dwi Pringgani,5.0,(Translated by Google) I don't know anymore. The viral meatballs are really delicious. You can use rice/lontong. Drinks are good too. Kuah e nampol is a lot of broth. (Original) Gak ngerti lagi. Bakso viral yang emang beneran ENAK nya. Bisa pake nasi/lontong. Minuman juga enak. Kuah e nampol bgt kaldune.
Bakso Muncul Pak Mul,Is ti,5.0,"(Translated by Google) The meatballs are delicious, fresh, the sauce doesn't smell like sticking, you can get 1 bowl of dumplings for 2 portions of meatballs. Price 34 thousand for 2 servings of bowls + sweet tea 2. Recommended to try (Original) Baksonya enak segerrr kuahnya ga bau tetelan, dpt pangsit 1 mangkok utk 2porsi bakso. Harga 34rb utk 2porsi mangkok+esteh manis 2. Rekomended utk dicoba"
Bakso Muncul Pak Mul,IGNASPUT JOURNEY,5.0,"(Translated by Google) The meatballs are a must to try. The place is small on the edge of a narrow alley, but the taste of the meatball sauce is really good. Where is the price really cheap? Don't forget to ask for an additional portion for the fried oangsit (Original) Bakso yang sangat wajib untuk di coba. Tempatnya kecil pinggir gang sempit, tp rasa kuah baksonya mantep banget. Mana murah banget lagi harganya. Jangan lupa minta porsi tambahan buat oangsit goreng nya"
Bakso Muncul Pak Mul,Bayu Samboro,5.0,"(Translated by Google) Meatballs with clear gravy. Tender meatballs with a real taste of meat. Without soy sauce, I think it's better to enjoy. (Original) Bakso dengan kuah bening. Bakso yg empuk dgn rasa daging yg bener bener terasa. Tanpa kecap menurut saya lebih enak untuk dinikmati."
Bakso Muncul Pak Mul,krystal fx,5.0,"(Translated by Google) Delicious, cheap prices already got the dumplings too. The dumplings are also delicious, if it's lunch time it's really busy (Original) Enak, harga murah udah dapat pangsitnya juga. Pangsitnya juga enak, kalau jam makan siang rame banget"
Bakso Muncul Pak Mul,Matius Achmad Subakir,4.0,"(Translated by Google) There are two kinds of meatballs, Meatballs with veins (Large) and plain meatballs, The price is 15/16k, because it's often paid for so I forget. You can order empty meatballs, or complete with yellow noodles and white vermicelli. There are viscera / offal too. Usually when you order, you get a bowl of small fried dumplings. If you eat, it's recommended to be a bit early because if you don't eat late, you don't get offal and big meatballs hehe. The dining table is a bit uneven, so be careful where you put the bowl. Car/motorcycle parking is a bit limited, What is clear is that this can't be a place to hang out for a long time, because it's getting busier in the afternoon, wow, Packed to take home, it's still delicious. The service is also fast, both food and drink orders. Wishing you more success and progress in selling (Original) Bakso nya ada dua macam, Bakso urat(Besar) dan bakso polos, Harganya 15/16rb kira2 soalnya sering dibayarin jadi lupa. Bisa pesan bakso kosongan, atau komplit dengan mie kuning dan bihun putih, Ada tetelan/jeroan juga. Biasanya kalau pesan dpt satu mangkok isi pangsit goreng kecil2, Kalau makan disarankan agak pagi karena kalo kesiangan udah ga kebagian jeroan dan bakso besar hehe. Tempat makan mejanya agak gak rata jadi hati2 taruh mangkok nya, Tempat parkir mobil/motor agak terbatas, Yang jelas ini gak bisa buat nongkrong lama2, karena makin siang makin rame wkwk, Dibungkus bawa pulang juga masih enak koq, Servis nya juga terhitung cepat, baik pesan makan dan minumnya. Moga makin sukses dan maju jualannya"
Bakso Muncul Pak Mul,Panca Mega Bintang,5.0,"(Translated by Google) The beef meatballs are really good, the broth is fresh too. Rice and rice cake are also available if you just don't feel full when you eat meatballs. Oh yes, the dumplings are also crunchy and tasty. Affordable prices, 1 portion of meatballs is only 14 thousand only. (Original) Bakso daging sapi nya enak banget, kuahnya juga seger. Tersedia nasi dan juga lontong jika makan bakso saja dirasa belum kenyang. Oiya, pangsitnya juga renyah dan gurih. Harga terjangkau, 1 porsi bakso hanya 14 ribuan saja."
Bakso Muncul Pak Mul,Eka Pipitardi (Bandit_laut),5.0,"(Translated by Google) The meatballs are soft and chewy and the meat tastes really good. The gravy is clear but the broth from the beef really tastes plus the pieces of innards are big & big. served with a lot of fried dumplings. The actual place is already spacious, but it feels hot because there is only 1 fan. For an extraordinary taste, it's addictive. (Original) Baksonya empuk kenyal dan terasa banget dagingnya. kuahnya bening tetapi terasa banget kaldu dr daging sapi di tambah Potongan jeroannya banyak & besar. di sajikan dengan pangsit goreng yg banyak. Untuk tempat sebenarnya sudah luas,tetapi terasa panas karena cuma terdapat 1 buah kipas angin. Untuk rasa luar biasa bikin ketagihan. Kid-friendliness: Anak sy suka baksonya empuk kenyal."
Bakso Muncul Pak Mul,tumo lawas,5.0,"(Translated by Google) The meatballs are delicious and tender, the sauce is tasty, the dumplings are plentiful, and it's definitely crowded. (Original) baksonya enak dan empuk, kuahnya gurih, pangsitnya banyak, dan yang pasti ramai."
Bakso Muncul Pak Mul,Alifia Netty,4.0,"(Translated by Google) In terms of food, the taste of the meatballs is delicious, chewy, with the toping dumplings and offal, and the sauce is tasty. It's just that here the way the message is not organized. So the order was delivered not according to the order, because the conditions were too busy. Maybe a suggestion can be to write the menu according to the customer's name and then deliver it according to the queue, because yesterday when I ordered, another customer had just arrived and sat down, the order was delivered first, while I had to say 2 times before it was delivered. For the taste, it's worth a try üëç (Original) Untuk penilaian makanan, rasa baksonya enak kenyal dengan toping pangsit dan jeroan nya mantap serta kuah nya gurih. Cuma emang di sini cara pesan nya kurang tertata. Jadi pesanan diantar tidak sesuai urutan, karna kondisi rame juga. Mungkin saran bisa di tulis menu nya sesuai nama pemesan kemudian di antar sesuai antrian, karna kemarin waktu pesan, ada pelanggan lain baru saja datang dan duduk pesanan nya sudah di antar dulu, sedangkan saya yg udh dari tadi harus bilang 2x baru diantar. Untuk rasa patut di cobaa üëåüëç"
Bakso Muncul Pak Mul,Lovia Tabita,5.0,"(Translated by Google) Cheap price 14k/portion already got fried dumplings and offal (optional) The gravy is fresh, the fried dumplings are delicious Keep busy, get ready to queue Parking is a bit difficult because it's in a residential area (Original) Harga murah 14k/porsi sudah dapat pangsit goreng dan jeroan (opsional) Kuahnya segar, pangsit gorengnya enak Rame terus, siap-siap antri Parkir agak susah karena di dalam permukiman penduduk"
Bakso Muncul Pak Mul,Satria Ivana,5.0,"(Translated by Google) For Good Taste Small portion for hungry people Relative PriceLahhh Place (perhaps because it's crowded, so it feels like eating is being chased by time ) so, good luck üôè (Original) Untuk Rasa Enak Porsi sedikit untuk orang yang Laper Harga RelatifLahhh Tempat (mgkin krn ramai, jd serasa makan dikejar waktu üòÅ) so, selamat mencoba üôè"
Bakso Muncul Pak Mul,Adi Hartono,5.0,(Translated by Google) The meatball dough is soft.. The gravy is clear and delicious.. The price compared to the taste is extraordinary.. The fried dumplings even though it's only skin but the taste also adds to the deliciousness of the meatballs (Original) Adonan bakso nya empuk.. Kuah nya bening dan enak.. Harga berbanding rasa termasuk luar biasa.. Pangsit gorengnya meskipun cuma kulit tp rasanya juga menambah nikmat bakso nya
Bakso Muncul Pak Mul,Enjang Abrari,1.0,"(Translated by Google) The place is not spacious, if it's crowded the place is not enough, I think it's normal, nothing special, it should be with busy customers, the place is expanded, especially entering the rainy season. (Original) Tempat tidak luas, kalau rame tempatnya nggak cukup, rasa menurut saya biasa saja, tidak ada yang istimewa, harusnya dengan customer yang sudah ramai, tempat di perluas, apalagi memasuki musim penghujan."
Bakso Muncul Pak Mul,Suzy Menik,4.0,(Translated by Google) The meatballs are delicious... they use deep fried dumplings with soy sauce... wiiihhh... cm the place is not comfortable when you go there. Open at 11 (Original) Baksonya enyaakk...pake pangsit goreng cocol sambl saos kecap...wiiihhh..cm temptnya krg nyaman klo mam2 dsana. Buka jm 11
Bakso Muncul Pak Mul,priyo Wibowo,5.0,"(Translated by Google) I was recommended by a friend of the meatball at this place, I've tried it many times and it's still closed maybe because of the corona effect. Only today can and feel for yourself. The meatballs are simple, big meatballs with 5-6 small meatballs (mini) because these are the smallest meatballs than the others, maybe almost the same as pebble meatballs. The gravy is clear, fresh, the innards are there by chance, it's late so as much as possible. The big meatballs are muscle meatballs, the texture of the small meatballs is very smooth and soft. The most special thing is the dumplings provided, the taste is really crunchy. Regarding the relatively affordable price, it is estimated at 11-13 thousand bowls. (Original) Saya direkomendasikan oleh salah satu teman bakso di tempat ini, sudah mencoba berkali kali masih tutup mungkin efek karena korona. Baru hari ini bisa dan merasakan sendiri. Baksonya sederhana, bakso besar dengan 5-6 bakso kecil (mini) karena ini bakso paling kecil daripada yang lain, mungkin hampir sama dengan bakso kerikil. Kuah nya bening, segar, jerohannya ada kebetulan sudah sore jadi sedapatnya. Bakso besar nya bakso urat, tekstur bakso yang kecil halus sekali dan empuk. Yang paling istimewa adalah pangsit yang disediakan, rasanya keriuk banget. Soal harga relatif terjangkau estimasi 11-13 ribu semangkoknya."
Bakso Muncul Pak Mul,Stefanus Andriawan,5.0,"(Translated by Google) Delicious meatballs combined with clear soup. The price is also affordable, here too many dumplings are given. There are various innards, can also request. It's really crowded in lunch here. Service is also fast. (Original) Baksonya enak dipadu kuahnya yang bening. Harganya juga terjangkau, disini juga dikasih pangsit banyak. Ada aneka jeroan, bisa request juga. Disini kalau jam makan siang rame banget. Pelayanan juga cepat."
Bakso Muncul Pak Mul,tanti sari,5.0,"(Translated by Google) It tastes good and clean, the broth tastes good, there is free pangsity, the price is 14,000 (Original) Rasanya enak bersih kuahbening rasay ngangeni ada pangsity free hargay 14rb"
Bakso Muncul Pak Mul,Agatha Tria Venatika,5.0,"(Translated by Google) This meatball is located in an alley. The place is small and very hot during the day. This meatball tent stall is always packed with buyers. The taste is just right, not too much micin and not too salty. This meatball is served with fried dumplings. The fried dumplings are delicious. For those who like offal, you can request to use offal. The price for 1 portion of meatballs is Rp. 12,000. It's really cheap (Original) Bakso ini terletak di dalam gang. Tempatnya kecil dan panas sekali ketika di siang hari. Warung tenda bakso ini selalu dipadati oleh pembeli. Rasanya pas tidak terlalu banyak micin dan tidak terlalu asin. Bakso ini dihidangkan dengan pangsit goreng. Pangsit gorengnya termasuk enak. Bagi yang suka jeroan bisa request memakai jeroan. Harga 1 porsi bakso Rp 12.000. Murah sekali pokoknyaaa"
Bakso Muncul Pak Mul,Henky HIStory maker,4.0,"(Translated by Google) Dumplings meatballs appear mul located in Karang Wulan Barat, the price per serving of 12 rb meatballs plus 3000 white rice ... I this afternoon try plain meatballs without broth ... if you like broth, can request. There are 2 kinds of meatballs ... large meatballs containing veins and not quail eggs. (Original) Bakso pangsit muncul pak mul berlokasi di karang wulan barat, harga per porsi bakso 12 rb ditambah nasi putih 3000... Saya sore ini mencoba bakso polos tanpa jerohan...kalau suka jerohan , bisa request. Bakso nya ada 2 macam...bakso yg besar berisi urat dan bukan telor puyuh."
Bakso Muncul Pak Mul,AR _Story,5.0,"(Translated by Google) A place to eat meatballs at lunch time. If you come in the afternoon, it's usually over. The wait is too long (Original) Tempat makan bakso pas waktu makan siang. Kalau datang sore biasanya udah habis. Ngantrinya lama bangett"
Bakso Muncul Pak Mul,Yusnia Asriyatul,3.0,"(Translated by Google) I was really busy when I went to Semarang, I guess I was coming because I saw a post on IG ... it turns out that people selling Sukoharjo people ... for the price I don't know ... the problem is getting paid by the office ... haha ‚Äã‚Äã... for feeling ... when I get sick good ... here at 1 o'clock in the middle the cow's innards just want to run out ... huhuhu .. (Original) Ngebet banget saat ke Semarang ngebakso dimari karena lihat post di IG.. ternyata yang jualan orang Sukoharjo.. untuk harga nggak tau.. soalnya dibayarin temen kantor.. haha.. untuk rasa.. pas kesini pas sakit sih.. jadi rasa kurang mantap.. kesini jam tengah 1 jeroan sapinya udah mau habis aja.. huhuhu.."
Bakso Muncul Pak Mul,Anggita N.A,5.0,"(Translated by Google) Finally found the most ""fit"" meatballs that taste on the tongue, are pocket friendly, and of course clean in Semarang RayaüòçüíñüíØ. First time knowing this from a native Semarang child. The meatballs here are small, so they don't make you feel bad. Dumplings one person gets one portion. Drops are also available, they run out quickly and don't smell bad. The man who sells it is friendly & funny . One serving of meatballs without swallowing 13k. Dumplings are free heheü§™ (Original) Akhirnya ketemu bakso paling ""pas"" rasa dilidah,ramah dikantong,dan tentunya bersih di semarang rayaüòçüíñüíØ. Pertama kali tau ini dari anak semarang asli. Bakso disini kecil2 yaa jadi tidak bikin enek. Pangsit satu orang dpt satu porsi. Tersedia tetelan juga cmn cepat habis dan tidak bau prengus. Bapak yg jual ramah&lucuüòÖ. Satu porsi bakso tanpa tetelan 13rb. Pangsitnya gratis heheü§™"
Bakso Aneka Semarang,Junius Liman,5.0,Highly recommend this meatball. The soup is clear so it is not too oily. The meatball is soft without any hint of tendon. The place is pretty clean. It reminds me a bit of bakso kumis from Jakarta which is one of the best meatball imho so it says something. Plus it is nearby with mie Jawa boeng John so you can try them both in one go
Bakso Aneka Semarang,Lucky noob 101,5.0,"This fishball is epic!!!! We even have tou fu from next door. It is only Rp 20,000"
Bakso Aneka Semarang,Wibowo Bengawan,5.0,This is da best bakso EVER!!!!!! I dun care abt da parkingüòäüòäda parking guy is a pro‚≠ê‚≠ê‚≠ê‚≠ê‚≠ê
Bakso Aneka Semarang,Christopher Wibowo,5.0,Provides delicious meatballs and open during holidays
Bakso Aneka Semarang,Tjipto Steven Senjaya,4.0,Simple place to eat bakso. I recommend bakso urat if you eat here. The soup was clear and refreshing.
Bakso Aneka Semarang,edwiga febriliyanti,3.0,I like the meatball. And the place is not too crowded. Pay attention for the parking area
Bakso Aneka Semarang,Rivan Hartanto,5.0,"Good place, good food, good service. Very nice"
Bakso Aneka Semarang,Florencia Irena,5.0,I can eat their meatballs everyday. It is that good.
Bakso Aneka Semarang,Deddy Uno,4.0,Nice service. Good taste. Recommended.
Bakso Aneka Semarang,Santoso Istono,5.0,Very good in taste and fair prices
Bakso Aneka Semarang,andri alto,5.0,delicious street food.
Bakso Aneka Semarang,Freddy Aryanto,5.0,good meat ball..amknyoooooss
Bakso Aneka Semarang,Patrick Darmawan,5.0,Good meatball. Delicious.
Bakso Aneka Semarang,Mr Big,5.0,Go resto
Bakso Aneka Semarang,Andrie Wibowo,4.0,Nice...
Bakso Aneka Semarang,Natanael,5.0,Ok
Bakso Aneka Semarang,Natanael Handoyo,5.0,Ok
Bakso Aneka Semarang,Alx S,5.0,yummy
Bakso Aneka Semarang,Eric Kristian,5.0,Good
Bakso Aneka Semarang,Alvin Santoso,5.0,Good Restaurants
Bakso Aneka Semarang,IGNASPUT JOURNEY,4.0,(Translated by Google) The taste of the meatballs is good. The gravy is fresh and the type is clear soup. Don't forget to order white rice to make it more delicious. And the price is cheap (Original) Rasa baksonya enak. Kuahnya seger dan jenisnya clear soup gt. Jangan lupa pesen pakai nasi putih biar tambah enak. Dan harganya murah
Bakso Aneka Semarang,RINDA,5.0,"(Translated by Google) Yesterday was the first time I came here.. Because you bring your child, choose ""safe"" food in the sense that your child can also eat.. And.. kids love it! That's the most important thing. Because the gravy is delicious.. savory.. just eat rice plus meatballs! Maybe because I'm already hungry üòÇüôèüôà For relative prices.. standard with clean places.. fast service and lots of employees.. The crackers are also varied.. there are other snacks too... Unfortunately I didn't take a photo of the food... but it's gone! Ô∏è I just ate here for the first time. But there are 2x people who offer merchandise. You guys are old.. so you can't bear it.. (Original) Semalem baru pertama kali dateng kesini.. Karna bawa anak jadi pilih makanan yg ""aman"" dalam artian, anak jg bisa ikut makan.. Dan.. anak suka! Itu yg terpenting. Karna kuahnya yg enak.. gurih.. makan nasi plus bakso aja lahap! Mungkin karna jg sdh lapar üòÇüôèüôà Utk harga relatif.. standart dgn tmpt yg bersih.. pelayanan yg cepat dan pegawainya banyak.. Krupukny pun beragam.. ada cemilan2 yg lain jugaa... Sayangnya ga kefoto makanannya.. tp habissss! üíØ Baru sekali sih makan disini. Tp ada 2x orang yg nawarin dagangan. Bapak2 gt sdh tua.. jadi ga tega.."
Bakso Aneka Semarang,Edward Harold,4.0,(Translated by Google) The 'clean' type of meatball. It's great to eat in any setting. Jozz! (Original) Tipe bakso yang ‚Äòbersih‚Äô. Enak banget dimakan di segala suasana. Jozz!
Bakso Aneka Semarang,gita anita,5.0,"(Translated by Google) For those who like the clear type of gravy, this is suitable, the meatballs are a bit expensive than other Javanese meatballs, but the meat tastes good. That type of Chinese meatball (Original) Buat yang suka tipe kuah jernih nih cocok ,baksonya emang agak mahal daripada bakso jawa lainnya tp dagingnya berasa kok. Tipe bakso chinese gituüòÅüòÅ"
Bakso Aneka Semarang,Novita Ratna Dewi,5.0,"(Translated by Google) Meatballs with clear sauce, the meatballs are delicious. Unfortunately there is no special parking area, so you have to park on the side of the road (Original) Bakso dengan kuah bening, baksonya enak. Sayangnya tidak ada lahan parkir khusus, jadi harus parkir di pinggir jalan"
Bakso Aneka Semarang,Dhani Channel,1.0,"(Translated by Google) Very expensive general GK. And the taste of the last meatball bite There is a sense of bitterness to it. No vegetables / mustard greens... The meatballs are few, the noodles are not mixed with Hun noodles, only yellow noodles, not common like other meatballs... (Original) Mahal banget GK umum. Dan rasa gigitan bakso terakhir Ada rasa kecut2nya. Gak ada sayurnya/sawi... Baksonya sedikit,mie nya gak campur mie hun cuma mie kuning ,gak umum seperti bakso yg lainnya..."
Bakso Aneka Semarang,Nanda Tan,3.0,"(Translated by Google) The price is relatively a bit expensive. No swallow, no mustard greens, but celery and fried onions. Ample roadside parking, just choose. The location is strategic. The clear gravy lacks the flavor of the broth. But the round meatballs are delicious üôè (Original) Harganya relative agak mahal. Tidak ber-tetelan, tidak ber-sawi, tetapi ber-seledri dan bawang goreng. Parkir luas pinggir jalan tinggal milih. Letaknya strategis. Kuah bening kurang berasa bumbu kaldunya. Tapi bakso bulatnya Enak üôè"
Bakso Aneka Semarang,ÈôàÁæéMariana,4.0,"(Translated by Google) Nice. Portion is ok. Service ok. Too bad the place is so hot. Haven't eaten yet, it feels hot, especially after eating. But overall its worth it. (Original) Enak. Porsi ok. Pelayanan ok. Sayang tempatnya panas sekali. Belum makan sdh terasa panas apalagi setelah makan. But overall its worth it."
Bakso Aneka Semarang,andre santoso,5.0,"(Translated by Google) Delicious beef and fish meatballs with relatively cheap prices. Here provides a variety of meatballs meat broom, fish, chicken (halal). Can be eaten on the spot or brought home. Pros: -Location is easy to reach - Good taste at affordable prices - The cleanliness of the dining area is quite good Cons: 4-wheel parking is a bit difficult when crowded because the location of the stalls are at a crossroads (Original) Bakso sapi dan ikan yang enak dengan harga relatif murah. Disini menyediakan berbagai macam bakso daging sapu, ikan , ayam (halal). Bisa dimakan di tempat maupun dibawa pulang. Pros: -Lokasi mudah dijangkau -Rasa enak dengan harga terjangkau -Kebersihan tempat makan cukup baik Cons: -Tempat parkir roda 4 agak susah bila ramai sebab lokasi warung berada di persimpangan jalan"
Bakso Aneka Semarang,Fanny Zang,5.0,"(Translated by Google) The meatballs are really delicious, everything is really good,,, clean place, friendly service and fast serving, lots of snacks also make you crazy. Continued success... (Original) Baksonyaa Enakkkk Bangettt, Semuaanya Enakk pokoknya,,, Tempat Bersih, Pelayanan Ramah dan Cepat Penyajiannya , Banyak Cemilan jg bikin kalap. Sukses terusss..."
Bakso Aneka Semarang,Desy Mindarto,5.0,(Translated by Google) The meatballs are like those made by old people whose meat was beaten so well...the meat is really delicious (Original) Baksonya itu kayak bikinan org jaman dl yg dagingnya dipukul2 gt...enak daging banget
Bakso Aneka Semarang,Agus Tanindo,5.0,"(Translated by Google) When I tried this Aneka meatball for the first time, the response I felt was really delicious. The meatballs taste real beef and are delicious, slightly superior to other meatballs. The gravy is a lot...clear....not too fatty. The taste is also good, if you don't have enough salt and pepper on the table, it's also available. The menu also varies from processed meatballs, there are all fried meatballs. This delicious taste is comparable to the price which is also higher than the usual meatballs. The place is pretty good too. (Original) Saat pertama kali mencoba bakso Aneka ini, respon yg saya rasakan sungguh lezat. Bakso nya rasanya asli daging sapi dan bnr2 lezat, sedikit unggul dari bakso2 lain. Kuah nya banyak...bening....gak berlemak banget rasanya juga enak, klo kurang garam dan lada di meja jg tersedia. Menu nya jg macam2 dari olahan bakso, ada bakso geprek segala. Rasa lezat ini sebanding dng harga yg jg lbh up dr bakso biasanya. Tempat jg cukup bagus."
Bakso Aneka Semarang,RIN,4.0,(Translated by Google) The type of meatball here is clear broth. The choice of meatballs is also quite a lot. (Original) Tipe bakso disini adalah kuah bening. Pilihan baksonya juga lumayan banyak.
Bakso Aneka Semarang,Teknisi Anyar,4.0,(Translated by Google) Delicious meatballs. Complete variations. It's just that the price is relatively a little more expensive. Recommended (Original) Bakso enak. Variasi lengkap. Hanya saja harganya relatif lebih mahal sedikit. Recommended
Bakso Aneka Semarang,Agatha Tria Venatika,5.0,"(Translated by Google) The meatball is delicious, soft with clear sauce. Do not use micin and do not use offal. Fast service. (Original) Baksonya enak, empuk dengan kuah yang bening. Tidak memakai micin dan tidak menggunakan jeroan. Pelayanan cepat."
Bakso Aneka Semarang,Tri Armalia,4.0,"(Translated by Google) The smooth meatballs are delicious, the place has lots of rats but ... hehe (Original) Bakso halusnya halus enak , tempatnya banyak tikus tapi.. hehe"
Bakso Aneka Semarang,Lilik Kristanto,5.0,(Translated by Google) A place to eat while waiting for children to practice at church (Original) Tempat makan saat nunggu anak latihan di gereja
Bakso Aneka Semarang,Zona Info id,1.0,"(Translated by Google) The wait is long and the waiting area on the outskirts is hot outside when it rains, it rains (Original) Nunggu lama dan tempat nunggu di pinggiran di luar panas panasan kalau ujan ya ujan ujanan"
Bakso Aneka Semarang,Alfra Nurdiansyah,5.0,"(Translated by Google) Delicious, complete choices(Original)Enak, lengkap pilihan nya"
Bakso Aneka Semarang,Budi Mulja,5.0,"(Translated by Google) The meatball is great, the price is comparable to the quality. (Original) Bakso nya mantab, harga sebanding dgn kualitas."
Bakso Aneka Semarang,Johan Kurniawan,5.0,"(Translated by Google) The best meatballs.. The composition is a lot of meat instead of flour.. Typical salatiga meatballs in general, clear gravy with the right taste (Original) Bakso terenak.. Komposisi nya banyak daging drpd tepung.. Tipikal bakso salatiga pada umumnya, kuah bening dengan rasa yg pas"
Bakso Aneka Semarang,Morina Dainta,5.0,"(Translated by Google) The meatballs are delicious, the mixed meatball portion is quite affordable, 25 thousand and the pure orange ice is really fresh. The place is clean, the waiters are friendly. For parking, maybe if it's crowded, it's a bit difficult for the car (Original) Bakso nya enak, untuk porsi bakso campur harganya cukup terjangkau 25rb terus es jeruk murni nya seger banget. Tempatnya bersih, pelayan nya ramah-ramah. Untuk parkir mungkin kalau lagi ramai agak susah untuk mobil"
Bakso Aneka Semarang,Ika Hapsari,5.0,"(Translated by Google) I thought at first this meatball was not halal, but it turned out that this meatball was halal guaranteed. Always crowded with visitors, especially at lunchtime, even though the location is not on the edge of the main road and only occupies a kind of overhang of the store. But for cleanliness and hygiene can be guaranteed. Ttipikal meatballs with a wide choice of types and doused with tasty, fresh clear soup. Meatball options are not like meatballs in general, including meatballs, tofu meatballs, dumplings, fish balls, etc. The price is a little more expensive than conventional meatballs but it tastes good so it's worth a try (Original) Saya pikir awalnya bakso ini tidak halal, tapi ternyata bakso ini halal terjamin. Selalu ramai pengunjung terutama di jam makan siang, padahal lokasinya tidak berada di tepi jalan utama dan hanya menempati semacam emperan toko. Tetapi untuk kebersihan dan higienitas bisa dijamin. Ttipikal bakso dengan pilihan jenis yang beraneka ragam dan disiram dengan kuah bening gurih yang segar. Pilihan baksonya tidak seperti bakso pada umumnya, diantaranya bakso daging, tahu bakso, siomay, bakso ikan, dsb. Harganya sedikit lebih mahal dari bakso konvensional tetapi rasanya enak sehingga layak dicoba"
Bakso Aneka Semarang,Hasna FM,5.0,"(Translated by Google) The service is fast, friendly, the taste is also delicious üëç (Original) Pelayananna cepat, ramah, rasa juga enak üëç"
Bakso Aneka Semarang,Hardi Surjono,1.0,"(Translated by Google) The first time I eat meatballs, I definitely try the sauce first... it doesn't suit my tongue... but the penthol is delicious (Original) Pertama makan bakso pasti saya coba kuahnya dulu... ternyata ga cocok dengan lidah saya... tapi pentholnya enak"
Bakso Aneka Semarang,Ratna Ridha Tyasari,4.0,"(Translated by Google) You can choose your own filling in the bowl, the meatballs are various, ranging from smooth meatballs, muscle meatballs, wet dumplings, fried meatballs, dumplings, tofu, etc. Per item range 4500-5000. For my taste, I like the fried meatballs. The vein meatballs are still not kicking. (Original) Bisa pilih sendiri isian di mangkoknya, baksonya macem2 mulai bakso halus, bakso urat, siomay basah, bakso goreng, pangsit, tahu dll. Per item kisaran 4500-5000. Untuk rasa sy suka bakso gorengnya. Bakso uratnya masih kurang nendang."
Bakso Aneka Semarang,JIA,1.0,"(Translated by Google) Pretty neat and clean. For taste, for me personally is not suitable. It feels too salty (Original) Cukup rapi dan bersih. Untuk rasa, buat saya pribadi ga cocok. Rasanya terlalu asin"
Bakso Aneka Semarang,Buddy Yang-Yang,5.0,"(Translated by Google) Every time I go to Semarang, I always buy this meatball, it's delicious, soft and chewy just right. safe for those who wear dentures will not fall out. (Original) setiap ke semarang sllu beli ni bakso, enak, empuk dan kenyalnya pas. aman buat yg pake gigi palsu ga akan copot."
Bakso Aneka Semarang,indrawan citrosoemarto,1.0,"(Translated by Google) My wife just wanted to buy Meatballs here, I've been waiting in line for a long time not being served, but only purchases from online platforms are served... what's the difference? (Original) Barusan Istri mau beli Bakso disini, sudah antri menunggu cukup lama tidak dilayani, tp hanya pembelian dr platform online yg dilayani... bedanya apa?"
Bakso Aneka Semarang,Patricia Julensky Nasdal,5.0,"(Translated by Google) Too bad I forgot to take a photo when I ate there. I was so fascinated by the taste, yes, it's really that good, even though the price is quite expensive (Original) Sayang bgt lupa foto pas makan disitu. Saking terpesona sm rasanya, ya emang seenak itu walau harganya lumayan mahal"
Bakso dan Mie Ayam Pak No Kokrosono,Go Andre Widodo REPUBLIGO,5.0,Nice spot to share
Bakso dan Mie Ayam Pak No Kokrosono,Taufan Prayogo,4.0,Wow üëå greatest ever
Bakso dan Mie Ayam Pak No Kokrosono,kevifa syama,5.0,bigger meetball for bigger delicious taste!!
Bakso dan Mie Ayam Pak No Kokrosono,Ronny Hermawan,5.0,ok
Bakso dan Mie Ayam Pak No Kokrosono,Absm,5.0,Nice
Bakso dan Mie Ayam Pak No Kokrosono,Eddy Hernawan,1.0,Not
Bakso dan Mie Ayam Pak No Kokrosono,Nur Purwa Hidayatun,5.0,"(Translated by Google) Recommended for those who like meatballs with lots of innards. The meatballs are delicious, the meatballs are chewy, the gravy is fresh and the innards are quite a lot. Meatball food that is never wrong and delicious. love it (Original) Recomend buat yang suka bakso yang melimpah jeroan. Enak bingit bakso nya kenyal , kuah nya seger dan jeroannya lumayan banyak. Bakso makanan yg ga pernah salah dan enak. Love it"
Bakso dan Mie Ayam Pak No Kokrosono,Andicha Primasta,5.0,"(Translated by Google) The meatballs are delicious, lots of beef, the price is still okay. (Original) Baksonya enak, banyak tetelan sapinya, harga juga masih oke."
Bakso dan Mie Ayam Pak No Kokrosono,Faizal Fery Fredatama,5.0,(Translated by Google) Favorite place to buy meatball chicken noodles. The price is a bit expensive compared to others but the meatballs are really worth it. Nice. Eating for two usually runs out 50k (Original) Tempat favorit buat beli mie ayam bakso. Harganya sdikit agak mahal dibanding dngn yang lain namun baksonya emang worth it. Enak. Makan berdua biasanya habis 50k
Bakso dan Mie Ayam Pak No Kokrosono,haryo rama,5.0,"(Translated by Google) Recommended for eating meatball noodles and chicken noodles. It tastes just as good. It is located in the west flood canal area, the taste is no doubt, don't ask the price because there is a feeling there is a price. (Original) Rekomended buat makan mie bakso dan mie ayam. Rasanya sama sama enaknya kok. Letaknya di daerah kanal banjir barat, rasa gak diragukan lagi, harga jangan ditanya karena ada rasa ada harga."
Bakso dan Mie Ayam Pak No Kokrosono,Khanif Chanel,4.0,"(Translated by Google) The meatballs are wenak, the broth is cloudy because there are many pieces of intestine (iso) which add to the deliciousness of the meatballs, for those who like meatballs with intestines offal this is one of the recommendations in the city of Semarang (Original) Baksonya wenak, kuah kaldunya keruh karena banyak potongab usus (iso) yang menambah kelezatan bakso, bagi yang suka bakso dengan jeroan usus ini salah satu rekomendasi di kota semarang"
Bakso dan Mie Ayam Pak No Kokrosono,Puji Rahayu,5.0,"(Translated by Google) The taste is good, the portions are large, the large meatballs have pieces of minced meat, recommended üëç Affordable price 1 portion of meatball + iced tea 18 rb (Original) Rasa nya enak, porsi banyak, bakso besarnya ada potongan daging cincang, recommended üëç Harga terjangkau 1 porsi bakso + es teh 18 rb"
Bakso dan Mie Ayam Pak No Kokrosono,Aurellia C Herdiana,3.0,"(Translated by Google) As for the meatballs, the meatballs are quite good but the offal iso is not as good as the old meat. So it spoils the taste (Original) Untuk bakso nya cukup enak tetapi jeroan iso nya tidak terlalu enak seperti daging yg sudah lama. Sehingga merusak cita rasa nya"
Bakso dan Mie Ayam Pak No Kokrosono,mike hikaru,5.0,"(Translated by Google) The price is fairly cheap, the taste is good, it's not bad for a subscription to eat here. (Original) Harga terbilang murah, rasa enak, lumayan buat langganan makan di sini."
Bakso dan Mie Ayam Pak No Kokrosono,Eko Fajar,5.0,(Translated by Google) The taste is still the same as before. Still pretty good. There's a lot of meat. The price for a complete meatball is only 16 thousand. The chicken noodles have never been tried. (Original) Rasa masih sama kayak dulu-dulu. Masih lumayan enak. Dagingnya banyak. Untuk harga bakso komplit cuma 16 ribu. Mie ayam nya belum pernah nyoba.
Bakso dan Mie Ayam Pak No Kokrosono,Heru Pratama,5.0,"(Translated by Google) The gravy is fresh & not cloudy, the meatballs are soft and tasty, it fits perfectly.. =) (Original) Kuah seger & tidak keruh, bakso empuk enak, cocok sih.. =)"
Bakso dan Mie Ayam Pak No Kokrosono,Vito T Putra,5.0,"(Translated by Google) Delicious I forgot to take a photo first, even though before arriving here I already had an intention but was hungry (Original) Enak Sampe lupa foto dulu padahal sebelum sampai kesini udh ada niat tapi lapar"
Bakso dan Mie Ayam Pak No Kokrosono,Minarti Narti,5.0,"(Translated by Google) Meatballs are delicious, fresh, my family likes chicken noodles, it's also delicious, hopefully the business will run smoothly Aamiin (Original) Bakso enak seger keluarga saya suka mie ayam juga enak moga tambah lancar usahanya Aamiin"
Bakso dan Mie Ayam Pak No Kokrosono,Siti fatimah,5.0,"(Translated by Google) the flesh is tough, There's a lot of meatballs guaranteed to be full here, especially if you use big meatballs wow super already the price is right, it's the same taste, weunak the service is good, friendly and clean. the location is on the left side of the road. parking is also good for cars. must try if you like meatballs (Original) daging nya kerasa, bakso nya banyak di jamin ke sini kenyang, apalagi pakai bakso yang besar wow superr dah harga sesuai lah yaa sama rasa, weunak pelayanan nya bagus, ramah dan bersih. lokasinya sebelah kiri jalan. parkir juga lumayan untuk mobil. wajib coba sih kalo yang suka bakso"
Bakso dan Mie Ayam Pak No Kokrosono,Oky Supriyahni,4.0,"(Translated by Google) The location is on Jalan Kokrosono, close to the West Canal Flood Bridge and the railroad. The taste is quite good, the price is a bit expensive but the taste is okay so it's worth it. Fast service & clean place. (Original) Lokasi nya di jalan kokrosono, dekat dgn jembatan banjir kanal barat dan rel kereta api. Rasa nya cukup enak, harga agak mahal tapi rasa lumayan jadi sebanding lah. Pelayanan cepat & tempat bersih."
Bakso dan Mie Ayam Pak No Kokrosono,Hayu,4.0,"(Translated by Google) The chicken noodles are delicious, in my opinion... My family also likes it. The noodles are so small.. not the big ones. It's not too soft to cook. Meatballs like it too. Here the meatballs are iso meatballs. You can try to eat here once in a while. If it's during the day, it's a bit difficult to eat here driving a car. Parking is difficult because there are many street vendors around. (Original) Mie ayamnya enakkk ya menurut aku... Keluarga juga suka. Mienya kecil gituuu.. bukan yg gede2. Gak tll lembek masaknya. Bakso juga suka. Disini baksonya bakso iso. Boleh lah sekali2 nyoba makan disini. Kalo pas siang hari agak susah makan disini mengendarai mobil. Parkirnya susah krn disekitarnya banyak PKL mangkal."
Bakso dan Mie Ayam Pak No Kokrosono,Nisa Purnamasari,5.0,"(Translated by Google) The meatballs are really good, there are innards too üëç (Original) Mantep bener baksonyaa, ada jeroannya juga üëç"
Bakso dan Mie Ayam Pak No Kokrosono,„Éû„Ç§„ÇØ„ÄÇÂÖâ„Çã„ÄÇ,5.0,"(Translated by Google) It's delicious, the iso meatballs make you want to add more. (Original) Enak, bakso iso nya bikin pengen nambah."
Bakso dan Mie Ayam Pak No Kokrosono,Ahmad Imamadyan,4.0,"(Translated by Google) Chicken noodles and baksonya are delicious, even though they are more expensive than other places, the iced tea is also more flavorful but the anget / orange juice is more tamarind, quite often here because it is the closest (Original) Mie ayam dan baksonya enak, walau lebih mahal daripada ditempat lain, es tehnya juga lebih berasa tapi jeruk anget/es jeruknya termasuk lebih asem, lumayan sering kesini karena termasuk yang terdekat"
Bakso dan Mie Ayam Pak No Kokrosono,T WS,3.0,(Translated by Google) the meatballs are delicious..but they get distracted by the thick sauce..and the taste is weird..maybe the noodles made it like that (Original) baksonya enak..tp teralihkan dg kuah yg nyemek..dan rasanya jadi aneh..mungkin mie nya yg buat gitu
Bakso dan Mie Ayam Pak No Kokrosono,Handana Shaputra,5.0,"(Translated by Google) The meatballs are delicious, the meat tastes good. Clean place (Original) Baksonya enak sekali dagingnya terasa. Tempat bersih"
Bakso dan Mie Ayam Pak No Kokrosono,Darnavi,5.0,(Translated by Google) The best meatballs in Semarang in my personal opinion (Original) Bakso ter enak di Semarang menurut saya pribadi
Bakso dan Mie Ayam Pak No Kokrosono,Andreas Adri Yudanto,4.0,"(Translated by Google) The meatballs are delicious. The noodles are mayan. The taste of the gravy is not stable. Different mix, different taste. Nunsewu, not blaspheming. I just want this meatball that has been around since I was little, but it's the best for anyone (Original) Baksonya enak. Mie nya mayan. Rasa kuahnya ndak stabil nih. Beda peracik, beda rasa. Nunsewu, bkn menghujat. Hny ingin bakso yg sdh ada sejak sy kecil ini ttp jd yg terbaik utk siapa saja"
Bakso dan Mie Ayam Pak No Kokrosono,Endah Nur Laeli,2.0,(Translated by Google) Delicious Meatball Chicken Noodles(Original)Mie Ayam Bakso yg enak
Bakso dan Mie Ayam Pak No Kokrosono,Abdurrahman Hasan,5.0,"(Translated by Google) delicious, chicken noodles + large meatballs filled with veins, a mainstay for getting rid of tired and stuffy colds... recommended lahüëçüëçüëåüòÑ (Original) muantap , mie ayam+bakso besar isi urat, andalan buat penghilang capek2 sumpek masuk angin.. recommended laahhüëçüëçüëåüòÑ"
Bakso dan Mie Ayam Pak No Kokrosono,wulansari dyahsetyowati,5.0,"(Translated by Google) The beef meatballs & chicken noodles are delicious, fresh & great üëç Friendly & courteous service üëçüëç When I ordered hot oranges... wow..... added, really recommended, the sueger feels original, pure orange üëçüèªüëçüèªüëçüèª (Original) Bakso sapi & mie ayamnya uenak , seger & mantap üëç Pelayanan ramah & sopan üëçüëç Pas pesen Jeruk panas ... wow ..... tambah recomended banget mantap sueger terasa asli murni jeruknya üëçüèªüëçüèªüëçüèª"
Bakso dan Mie Ayam Pak No Kokrosono,Alif Hoki,5.0,(Translated by Google) Delicious.. After eating.. Take time to hang out in the banjorkanal park.. (Original) Enak.. Sehabis makan.. Sempatkan tongkrong di taman banjorkanal..
Bakso dan Mie Ayam Pak No Kokrosono,Charis Masruchin,5.0,"(Translated by Google) Tasty, the right portion, fast and cheap service (Original) Enak, porsi pas, pelayanan cepat dan murah"
Bakso dan Mie Ayam Pak No Kokrosono,Arif Samara,3.0,"(Translated by Google) Delicious, comfortable, but very expensive. I just suggest giving menus and prices so that those who stop by are not surprised by the prices. (Original) Enak, nyaman, tetapi mahal sekali. Saran aja dikasih menu dan harga supaya yang mampir tidak kaget dengan harganya."
Bakso dan Mie Ayam Pak No Kokrosono,Tuti Setyaningsih,4.0,"(Translated by Google) The meatballs are delicious, the meat tastes good, the offal iso is a bit bitter, the place is spacious, the gravy is clear, the chicken noodles are also delicious, (Original) Baksonya enak ,berasa dagingnya,jeroan isonya ada yg agak pahit,tempat luas ,kuah bening,mi ayam nya juga enak,"
Bakso dan Mie Ayam Pak No Kokrosono,Dody M,5.0,"(Translated by Google) Cheap price, it doesn't seem to be lied to. Even though it was wrapped with pkng, it was delicious. It's been guaranteed good since 2003, the first time this meal was eaten. (Original) Harga murah meriah, rasa tdk bisa dibohongi. Walaupun dibungkus bawa pkng, rasa ttp enak. Sdh terjamin enaknya sejak thn 2003, pertama kali makan ditmpt ini."
Bakso dan Mie Ayam Pak No Kokrosono,agus kris,5.0,"(Translated by Google) It's delicious.. the price is above the average village bskso, but according to the taste.. (Original) Enak bingit.. harga diatas rata rata bskso kampung, tp sesuai dgn rasanya.."
Bakso dan Mie Ayam Pak No Kokrosono,Ilham Maulana,5.0,(Translated by Google) Delicious meatballs & chicken noodles. The place is also near the dancing fountain. (Original) Bakso & mie ayam nya sedap. Tempatnya juga deket sama air mancur menari.
Bakso dan Mie Ayam Pak No Kokrosono,Alfin Ma'ruf,4.0,(Translated by Google) It's really full(Original)Enak banget kenyang
Bakso dan Mie Ayam Pak No Kokrosono,Achmad ‚ÄúArif‚Äù Sarifudin,4.0,"(Translated by Google) The sauce is delicious ... the broth tastes really good ... But the meatball variant is lacking, only meatballs filled with veins ... (Original) Kuahnya enak...terasa banget kaldunya... Tapi varian baksonya kurang,cuma ada bakso isi urat..."
Bakso dan Mie Ayam Pak No Kokrosono,Sri Yuwanti,5.0,"(Translated by Google) This is a favorite place..not luxurious but the impression of the people is strong...cheap prices, enough portions, delicious, only parking is a bit difficult... (Original) Ini tempat favorit..tidak mewah tetapi kesan rakyatnya kuat...harga murah, porsi cukup, enak, hanya parkirnya agak susah..."
Bakso dan Mie Ayam Pak No Kokrosono,Lia Ridzananda,3.0,"(Translated by Google) the price is still affordable, the taste is relative, the motorbike parking is decent, the waiters are friendly. (Original) harga masih terjangkau, rasa relatif ya, parkiran motor lumayan, pelayannya ramah."
Bakso dan Mie Ayam Pak No Kokrosono,Novita Wulandari,4.0,(Translated by Google) The meatballs are delicious. There is a big meatballs which contains minced meat. Favorite place with him (Original) Baksonya enak kok. Ada bakso besar nya yg isi daging cacah. Tempat favorit dengan si dia
Bakso dan Mie Ayam Pak No Kokrosono,Edwind Christoper,5.0,(Translated by Google) The parking lot is a bit complicated.... the place is cramped.... the taste is good.... the price is right in the pocket.... the service is friendly.... a subscription place.... I want to buy meatballs... cheap.. .. lively.... delicious.... (Original) Tempat parkirnya agak ribet.... sempit tempatnya.... rasanya enak.... harganya pass dikantong.... pelayanannya ramah.... tempat langganan.... saya utk beli bakso.... murah.... meriah.... enak....
Bakso dan Mie Ayam Pak No Kokrosono,Toro Christian,5.0,(Translated by Google) Strategic place(Original)Startegis tempatnya
Bakso dan Mie Ayam Pak No Kokrosono,Listy Nigsih,5.0,(Translated by Google) Very comfortable ... the view is also nice position on the corner road (Original) Sangat nyaman ... pemandangan juga enak posisi di pojokan jln
Bakso dan Mie Ayam Pak No Kokrosono,Danang Andi Nugroho,5.0,(Translated by Google) meatball lover? must try(Original)pecinta bakso? wajib coba ü§òüèº
Bakso dan Mie Ayam Pak No Kokrosono,Bella Adnantio,4.0,"(Translated by Google) The meatballs are delicious and the Semarang-style chicken noodles are also delicious. at the cashier/payment section, many children's snacks are sold, such as Yupi cs. (Original) Baksonya enak dan mie ayamnya ala semarangan juga enak. di bagian kasir/pembayaran banyak dijual jajanan anak, spt yupi cs."
Bakso dan Mie Ayam Pak No Kokrosono,Anak Baik,5.0,"(Translated by Google) The meatball is really delicious, one of the most delicious meatballs ever eaten (Original) Bakso nya enak bgt, salah satu bakso paling enak yg pernah dimakan"
Bakso dan Mie Ayam Pak No Kokrosono,dak handayani,4.0,"(Translated by Google) Good meatball stall, reasonable price and full.... (Original) Warung bakso enak, harga wajar dan kenyang...."
Bakso & Mie Ayam Watu Kelir,Rayhan Illyas A,4.0,"Sometimes the ""bakso beranak"" not ripe well"
Bakso & Mie Ayam Watu Kelir,W I N D A,5.0,Nice taste
Bakso & Mie Ayam Watu Kelir,Yu Santoz,4.0,Delicious food
Bakso & Mie Ayam Watu Kelir,Tifan Dwi Avianto,5.0,Wide menu selection
Bakso & Mie Ayam Watu Kelir,Agus Kurniawan,5.0,Delicious...!
Bakso & Mie Ayam Watu Kelir,alfonsus pradipta,5.0,Nice
Bakso & Mie Ayam Watu Kelir,Rebeka Rere,5.0,Not bad.
Bakso & Mie Ayam Watu Kelir,Andarbeni Nurwidi,5.0,Love it
Bakso & Mie Ayam Watu Kelir,maulana alimzwar,5.0,Muatap
Bakso & Mie Ayam Watu Kelir,Andri Gunawan,3.0,Ok
Bakso & Mie Ayam Watu Kelir,putri tyasari,4.0,üëçüëçüëç
Bakso & Mie Ayam Watu Kelir,fahmi aqwa,5.0,"(Translated by Google) Mie ayam and meatball ""watu kelir"" Some time ago I accidentally passed by Jalan Suyudono, the rain finally calmed down. Now from the shelter I saw a chicken noodle shop which was quite busy but because it was still full, I didn't stop by So, coincidentally, today I wanted to eat chicken noodles, so I finally got time to try it. Stopped by here. And thank God the taste of the chicken noodles matched, the noodles had the right texture, not too smooth and not too big, the chicken topping was quite a lot and the seasoning wasn't strong but still taste good, over all good, just don't like the meatball texture. For the price itself, it is still friendly and safe in the pocket, for the portion which I think is a lot. (Original) Mie ayam dan bakso ""watu kelir"" Beberapa waktu lalu nggak sengaja lewat jaln suyudono,terua hujan akhirnya neduh.nah dari tempat berteduh tampak kedai mie ayam yang lumayan rame tapi karena masih kenyang jadi nggak mampir Nah kebetulan hari ini lagi pengen makan mie ayam,akhirnya di sempwtin buat cobain.mampir ke sini.dan alhmadulillah taste mie ayamnya cocok,mienya teksturnya pas bentuknya juga nggak terlalu halus dan nggak terlalu besar,toping ayamnya lumayan banyak dan bumbunya bukan yang kuat tapi tetep berasa,over all enak ,cuman kurang suka tektur baksonya. Untuk harga sendiri masih bersahabat aman di kantong,untuk porsi yang menurut saya banyak."
Bakso & Mie Ayam Watu Kelir,Runrran,4.0,"(Translated by Google) The meatballs are chewy, a portion of ordinary meatballs gets 5 pcs of small meatballs and 1 pcs of medium meatballs, noodles, vermicelli, vegetables and tripe. Price 15rb. (Original) Baksonya kenyal, seporsi bakso biasa dapat 5 pcs baso kecil dan 1 pcs bakso sedang, mie, bihun, sayur dan babat. Harga 15rb."
Bakso & Mie Ayam Watu Kelir,Dinar ardi Utomo (Ardi),5.0,"(Translated by Google) Okay, coincidentally yesterday you passed by and you were looking for food on purpose, but you didn't know that your eyes suddenly fell on it, then you finally stopped by, and it turns out that you don't regret the food, the chicken noodles are okay, the meatballs are also delicious, they can be crunchy, GT Taste The meatballs are really delicious (Original) Oke kebetulan kemaren lewat situ dan memang sengaja mu cari makan tapi gak tau tiba tiba mata tertuju di situ , lalu akhirnya mampir deh , dan ternyata gak nyesel untuk masakan nya emang enak mie ayam nya oke , bakso nya juga enak bgt bisa kres kres GT Rasa bakso nya , pokok nya ngihin banget"
Bakso & Mie Ayam Watu Kelir,JAFAR ALDEBARAN,3.0,"(Translated by Google) Strategic place on the side of the road, but for car parking it can't fit in front of it. It was very busy when I came here, queuing up, because they said that when the employees weren't complete, the sellers were a bit overwhelmed. Next time please pay attention to who comes first the queue. Success needs to be maintained. Onclang/scallions and pickled cucumbers are not available, or are they out of stock, I don't know, it's best if each table is provided with pickled cucumbers and scallions in their own bowls/places, so that customers can take whatever they like. For the taste, it's okay... If you're hungry, it's delicious.... (Original) Tempat strategis pinggir jalan, tapi untuk parkir mobil tidak bisa pas di depannya. Waktu kesini rame banget, ngantri, karena katanya pas karyawannya ga lengkap, jadi agak kewalahan penjualnya. Lain kali harap diperhatikan siapa duluan yang ngantri. Keberhasilan perlu dijaga. Onclang/daun bawang dan timun acarnya ga ada, ato emang kehabisan ga tau, sebaiknya tiap meja disediakan timun acar dan daun bawang di mangkok/tempat sendiri, sehingga pelanggan bisa mengambil sesuai selera. Untuk rasa lumayan lah... Kalo lagi lapar pasti enak...."
Bakso & Mie Ayam Watu Kelir,sindi arisandi,5.0,"(Translated by Google) Pertama kali makan baksonini dikasih tau adek. Awalnya underestimate bgt, pas dicoba, biarkan bintang yang berbicara. Kalau lagi pengen bakso dan gabut, ya kesini sih, soalnya arah jln plg kantor. Selalu Menghindari jam makan siang dan abis magrib, soalnya pasti rame pol. Harganya terjangkau bgt, dan lebih baik makan di tempat aja. Nice. (Original) Pertama kali makan baksonini dikasih tau adek. Awalnya underestimate bgt, pas dicoba, biarkan bintang yang berbicara. Kalau lagi pengen bakso dan gabut, ya kesini sih, soalnya arah jln plg kantor. Selalu Menghindari jam makan siang dan abis magrib, soalnya pasti rame pol. Harganya terjangkau bgt, dan lebih baik makan di tempat aja. Enak."
Bakso & Mie Ayam Watu Kelir,Cesaria Mela,4.0,(Translated by Google) Yummy chicken noodle Small meatballs are better than big ones (Original) Mie ayam enak Bakso lebih enak yg kecil drpd besar
Bakso & Mie Ayam Watu Kelir,priyo Wibowo,4.0,"(Translated by Google) I tried to give a 4 star rating for several reasons, I've eaten at this shop almost 3 times, I ordered meatball chicken noodles. 1. The noodles are small, maybe make your own 2. Chicken or shredded chicken, the sauce is not thick, not sweet 3. Lots of gravy, in my opinion it's like jaya sari chicken noodles in a ball. The meatballs are delicious, chewy. (Original) Saya mencoba memberikan rating bintang 4 karena beberapa hal, Saya sudah hampir 3x makan di warung ini, saya pesan mie ayam bakso. 1. Mie nya kecil, mungkin buat sendiri 2. Ayam atau suwiran ayamnya kuah tidak kental, tidak manis 3. Kuah banyak, menurut saya malah seperti mie ayam jaya sari yang di balad. Baksonya sech enak, kenyal."
Bakso & Mie Ayam Watu Kelir,L n,3.0,"(Translated by Google) Around 2017, I bought chicken noodles here, the standard price is if you make it taste normal first (Original) Sekitar 2017 an pernah beli mie ayam disini harga standar lah kalo buat dulu rasa biasa aja"
Bakso & Mie Ayam Watu Kelir,Hernita Dwi Nugraheni (Nita),5.0,"(Translated by Google) The meatballs are delicious, the meatballs are also delicious, it's just that the place isn't clean a bit hehehe but it's ok (Original) Baksonya enak, bakso beranak nya juga enak cuman tempatnya aja sih kurang bersih sedikit hehehe tapi Ok kok"
Bakso & Mie Ayam Watu Kelir,Puputtahimepc711,4.0,"(Translated by Google) The meatballs are delicious, the meatballs are chewy, the portion fits the stomach and the pocket. Keep the taste (Original) Enak bakso nya kenyal , porsi pas d perut dan d kantong . Pertahankan rasanya"
Bakso & Mie Ayam Watu Kelir,ALF Soang,4.0,"(Translated by Google) At that time I ordered meatball tripe, but instead I was given regular meatballs. But it's okay, the meatballs are delicious, especially the gravy which I like. (Original) Waktu itu saya pesan bakso babat, tapi malah dikasih bakso biasa. Tapi nggakpapa, baksonya enak, terutama kuahnya yang membuat saya suka."
Bakso & Mie Ayam Watu Kelir,Pakdhe Shuu,5.0,"(Translated by Google) The taste remains the same as 10 years ago, really keeps the taste.. (Original) Rasa tetap sama seperti 10tahun yg lalu, sangat menjaga rasa.."
Bakso & Mie Ayam Watu Kelir,galank ariyanto,5.0,"(Translated by Google) Ready chicken noodles, meatballs(Original)Sedia mie ayam, bakso"
Bakso & Mie Ayam Watu Kelir,Imam Machfut,4.0,"(Translated by Google) Not bad, fast and friendly service. There is lontong if you like it. Fried tofu as usual, like fried tofu here is available (Original) Lumayan,pelayanan cpt dan ramah.ada lontong klau yg suka.tahu goreng sebagong2 yg biasa suka tahu goreng di sini tersedia"
Bakso & Mie Ayam Watu Kelir,Hany Windri,5.0,(Translated by Google) The meatball is really good. The seasonings are just right. Can be dried dumplings. Location near the mosque. üëç (Original) Baksonya enak bgt. Bumbunya pas. Dpt pangsit keringnya. Lokasi deket mushola. üëç
Bakso & Mie Ayam Watu Kelir,retno rahayu,3.0,"(Translated by Google) Affordable price, lots of small meatballs, it tastes good too doesn't disappoint ü§≠ (Original) Harga terjangkau , bakso kecilnya banyak , rasanya juga enak tidak mengecewakan ü§≠"
Bakso & Mie Ayam Watu Kelir,ephie chia,5.0,"(Translated by Google) It's delicious, the gravy is so delicious, the baby meatballs are also big, it's satisfying to eat (Original) Enak, kuahnya sedep bgt, bakso beranaknya juga gede, puas makannya üòÅ"
Bakso & Mie Ayam Watu Kelir,Risti Yuliana,5.0,"(Translated by Google) The price is affordable, the meatballs and chicken noodles are delicious üëçüëç (Original) Harganya terjangkau, bakso dan mie ayamnya enak üëçüëç"
Bakso & Mie Ayam Watu Kelir,eni sukristianti,5.0,"(Translated by Google) It's delicious, but the meatballs are small (Original) Enak sih, tapi baksonya kecil¬≤"
Bakso & Mie Ayam Watu Kelir,Wiwit Budi,5.0,(Translated by Google) Delicious ... we were busy ... hahahaa ... hokya team..hokya .. (Original) Enak....ksni rame2...hahahaa...team hokya..hokya..
Bakso & Mie Ayam Watu Kelir,Trouble Maker,5.0,"(Translated by Google) Wow, really, don't forget to stop by the lamongan setting next to it, I'm happy too (Original) Wueeenaaaaak tenan,jangan lupa mampir juga penyetan lamongan di sebelahnya,mak nyyuusss juga"
Bakso & Mie Ayam Watu Kelir,Indah Dwi,5.0,"(Translated by Google) Delicious meatballs, delicious chicken noodles.. Joss lah (Original) Bakso enak, mie ayam enak.. Josss lah"
Bakso & Mie Ayam Watu Kelir,Sutiyo Tio,5.0,"(Translated by Google) I have tried several meatball stalls, this one is the best in my opinion and is now a subscription (Original) Saya sudah mencoba beberapa warung bakso, ini yg paling enak menurut saya dan sekarang jadi langganan"
Bakso & Mie Ayam Watu Kelir,Naufal Opang,4.0,"(Translated by Google) I personally think the meatballs are delicious. As for the place, it's a bit uncomfortable. But okay (Original) Baksonya menurut saya pribadi enak. Kalau untuk tempat memang agak kurang nyaman. Tapi oke lah"
Bakso & Mie Ayam Watu Kelir,Bambang Yuliyanto,4.0,"(Translated by Google) The taste is pretty good, the chicken noodles (Original) Lumayan lah rasanya , mie ayamnya Kid-friendliness: Anak2 porsi setengah"
Bakso & Mie Ayam Watu Kelir,Bayu Andoro,5.0,"(Translated by Google) The taste of the chicken noodles that are served is inviting and fits the tongue. Provides Chicken Noodles, Meatball Chicken Noodles, Meatballs, and Super Big Meatballs Also served with crackers, salted tofu and rice cake as a substitute for rice (Original) Rasa mie ayam yg disuguh kan mengundang selera dan pas di lidah. Menyediakan Mie Ayam, Mie Ayam Bakso, Bakso, dan Baksos Super Gede Disajikan pula ada kerupuk, tahu asin dan lontong sebagai pengganti nasi"
Bakso & Mie Ayam Watu Kelir,Mas Noe,5.0,"(Translated by Google) The place is not so hot even if improvised, baksonya average when it comes to taste. . . a large portion of chicken noodles makes you full (Original) Tempat gak begitu panas meski seadanya, baksonya rata rata lah kalo soal rasa. . . porsi mi ayamnya besar bikin kenyang"
Bakso & Mie Ayam Watu Kelir,Susi Wahyuningsih,5.0,"(Translated by Google) The meatballs are tender.. the chicken noodles are ok, not soggy, it's not too tasty for me... The place is spacious so it's also suitable for simple gatherings.. (Original) Baksonya ueanak.. mie ayamnya tingkat kematangannya ok ga lembek cmn buatku kurang gurih lg... Tempatnya luas jd cocok jg buat ngumpul2 sederhana gt.."
Bakso & Mie Ayam Watu Kelir,dyah rahmawati,5.0,"(Translated by Google) The menu is delicious ... affordable prices for sure ... come home from work when you want to eat noodles or meatballs, often the main goal is there ... those who are curious ... please just try ... anyway there's no harm in trying ... if it's delicious yes, you can repeat it ... if it doesn't feel good ... it's enough just once ... khan it can be an experience ... (Original) Menunya enak... harga terjangkau yg pasti... pulang kerja kalo tetiba pengen makan mie ato bakso seringnya tujuan utama ke situ... yang penasaran...silakan dicoba aja...toh g ada salahnya mencoba... kalo enak ya bolehlah di ulang... kl mmg g enak... ya cukup sekali saja... khan itung¬≤ bisa jadi pengalaman..."
Bakso & Mie Ayam Watu Kelir,WB Everything,5.0,(Translated by Google) Delicious and strategic(Original)Enak dan strategis
Bakso & Mie Ayam Watu Kelir,Herry Kistiono (Herry),1.0,"(Translated by Google) The usual taste, the price is expensive, the place is okay. Thank you (Original) Rasa biasa harga mahal tempat lumayan. Matursuwun"
Bakso & Mie Ayam Watu Kelir,Arietjahya007,5.0,(Translated by Google) It's delicious...üëç(Original)Mantap nikmatnya...üëç
Bakso & Mie Ayam Watu Kelir,J Wang,5.0,"(Translated by Google) The road access is easy to reach because it is on the side of the Suyudono road.. Very friendly service, because from this meatball shop, I have already subscribed and the taste is suitable, it doesn't disappoint. Portions are also quite a lot, prices are still affordable. The menu here is not only meatballs, but also chicken noodles and chicken meatball noodles, etc... Success in making white meatballs (Original) Akses jalan mudah untuk dijangkau karena berada di pinggir jalan suyudono.. Pelayanan Ramah Sekali, karena dari warung bakso ini buka saya udah langganan dan rasa nya cocok tidak Mengecewakan. Porsi juga lumayan banyak, harga masih terjangkau. Menu disini bukan hanya bakso saja, tetapi juga ada mie ayam dan mie ayam bakso dsb... Sukses buat bakso watu kelirüëåüòò"
Bakso & Mie Ayam Watu Kelir,pur wanto,5.0,"(Translated by Google) The place is cool, the meatballs are delicious, the fried tofu is big (Original) Tempat nya adem, bakso nya enak sedappp, tahu goreng nya besar"
Bakso & Mie Ayam Watu Kelir,Bowo Sulaiman,4.0,"(Translated by Google) Meatball stall which has a spacious, clean and comfortable place for buskers. So if you invite friends or family, you can have five or more places. Unfortunately there is no parking space for cars. About the good taste, the price is a bit expensive for students. If I give a value of 86 (Original) Warung bakso yang mempunyai tempat yang luas, bersih dan nyaman dari pengamen. Sehingga kalau mengajak teman atau keluarga bisa bertempat atau berlima. Sayang tempat parkir yang membawa mobil tdk ada. Soal rasa enak, soal harga agak mahal dikit bagi kalangan pelajar. Kalau saya kasih nilai 86"
Bakso & Mie Ayam Watu Kelir,Tri Purwanto,5.0,(Translated by Google) If you have been a subscriber since dating until you have 2 children... I feel guaranteed joss.. it's just a shame the parking space is not wide enough... I hope I can open a branch around Mijen... hehehe (Original) Klo ini sudah langganan sejak pacaran hingga punya 2 anak...rasa dijamin joss..cuma sayang tempat parkirnya kurang luas...semoga bisa buka cabang di Sekitaran Mijen...hehehe
Bakso & Mie Ayam Watu Kelir,Alfi Arjuna,5.0,"(Translated by Google) The meatballs & chicken noodles are delicious, it's just that the place feels 'uncomfortable' because the place is like a wooden house. (Original) Bakso & Mie ayamnya enak, hanya saja tempatnya memang dirasa 'kurang nyaman' karena tempatnya seperti rumah kayu."
Bakso & Mie Ayam Watu Kelir,V J,5.0,(Translated by Google) It tastes good and the price is affordable. The place also adheres to health protocols. (Original) Rasanya enak dan harganya terjangkau. tempatnya jg mematuhi protokol kesehatan.
Bakso & Mie Ayam Watu Kelir,Naufalda Shabrina Gani,5.0,"(Translated by Google) Here provide various kinds of super duper meatballs and chicken noodles, which are delicious, suitable for eating and breaking fast and low prices (Original) Disinii memyediakann berbagai macammm bakso dan mie ayam yg super duper enak bgt nihh, cocokk dijadiin makan untuk buka puasaa dan hargaaa murahh"
